run_num,metric,sim_val
0,tsd,0.2900455584777653
0,day_hour_emd,0.0
0,log_mae,3173317.0
0,dl,0.4166666666666667
0,mae,390188.5
