run_num,metric,sim_val
0,tsd,0.2605037276682543
0,day_hour_emd,0.0
0,log_mae,2402031.0
0,dl,0.5277777777777778
0,mae,306191.0
