run_num,metric,sim_val
0,tsd,0.11164797875479493
0,day_hour_emd,1.9326762412674722e-11
0,log_mae,1038396.0
0,dl,0.125
0,mae,170177.33333333334
