run_num,metric,sim_val
0,tsd,0.15335152945805056
0,day_hour_emd,0.0
0,log_mae,2491860.0
0,dl,0.16666666666666666
0,mae,230915.0
