run_num,metric,sim_val
0,tsd,0.07711222582866135
0,day_hour_emd,0.10000000000009093
0,log_mae,3042799.0
0,dl,0.08333333333333333
0,mae,752553.6666666666
