run_num,metric,sim_val
0,tsd,0.07585816858463656
0,day_hour_emd,0.0
0,log_mae,3207539.0
0,dl,0.08333333333333333
0,mae,603467.0
