run_num,metric,sim_val
0,tsd,0.11614783121864856
0,day_hour_emd,0.0
0,log_mae,3706297.0
0,dl,0.125
0,mae,569520.1666666666
